{
  "className": "Atmosphere",
  "properties": {
    "Decay": [
      0.3921568691730499,
      0.3137255012989044,
      0.23529411852359772
    ],
    "Glare": 0.10000000149011612,
    "Color": [
      0.23529411852359772,
      0.21568627655506134,
      0.27450981736183167
    ],
    "Haze": 1.0,
    "Offset": 0.20000000298023224,
    "Density": 0.07999999821186066
  }
}