{
  "className": "Atmosphere",
  "properties": {
    "Decay": [0.1568627506494522, 0.196078434586525, 0.3921568691730499],
    "Glare": 0.05000000074505806,
    "Color": [0.1411764770746231, 0.1725490242242813, 0.3137255012989044],
    "Haze": 1.2000000476837158,
    "Offset": 0.10000000149011612,
    "Density": 0.07999999821186066
  }
}
