{
  "className": "SunRaysEffect",
  "properties": {
    "Spread": 0.30000001192092896,
    "Intensity": 0.029999999329447746
  }
}