{
  "className": "ColorCorrectionEffect",
  "properties": {
    "TintColor": [
      0.9607843160629272,
      0.9411764740943909,
      0.9803921580314636
    ],
    "Contrast": 0.10000000149011612,
    "Saturation": -0.15000000596046448,
    "Brightness": 0.019999999552965164
  }
}